name,pdb,chain,position,distance
25.10C,7tyv,A,76,4
25.10C,7tyv,A,88,4
25.10C,7tyv,A,100,4
25.10C,7tyv,A,226,4
25.10C,7tyv,A,227,4
25.10C,7tyv,A,228,4
25.10C,7tyv,A,229,4
25.10C,7tyv,A,230,4
25.10C,7tyv,A,232,4
25.10C,7tyv,a,282,4
25.10C,7tyv,a,283,4
25.10C,7tyv,a,288,4
25.10C,7tyv,a,289,4
25.10C,7tyv,A,74,8
25.10C,7tyv,A,76,8
25.10C,7tyv,A,77,8
25.10C,7tyv,A,79,8
25.10C,7tyv,A,88,8
25.10C,7tyv,A,94,8
25.10C,7tyv,A,99,8
25.10C,7tyv,A,100,8
25.10C,7tyv,A,101,8
25.10C,7tyv,A,102,8
25.10C,7tyv,A,224,8
25.10C,7tyv,A,225,8
25.10C,7tyv,A,226,8
25.10C,7tyv,A,227,8
25.10C,7tyv,A,228,8
25.10C,7tyv,A,229,8
25.10C,7tyv,A,230,8
25.10C,7tyv,A,231,8
25.10C,7tyv,A,232,8
25.10C,7tyv,A,236,8
25.10C,7tyv,a,282,8
25.10C,7tyv,a,283,8
25.10C,7tyv,a,285,8
25.10C,7tyv,a,286,8
25.10C,7tyv,a,287,8
25.10C,7tyv,a,288,8
25.10C,7tyv,a,289,8
25.10C,7tyv,a,290,8
25.10C,7tyv,A,301,8
